,epochs,batch,neuronsLSTM,neuronsDense,learningRate,mseTrain,mseTest
0,2000.0,100.0,80.0,20.0,0.05,0.10993284681337309,0.016782335898272466
1,2000.0,100.0,80.0,20.0,0.005,0.4127143639332949,0.3656821688282261
2,2000.0,100.0,80.0,20.0,0.0005,0.05481747739626192,0.0029111372463165976
3,2000.0,100.0,80.0,20.0,5e-05,0.1867792348258205,0.009518692196513016
4,2000.0,100.0,80.0,20.0,5e-06,0.2805617853146277,0.013119196177329573
5,2000.0,100.0,80.0,40.0,0.05,16.019311454121347,4.252841997926212
