,batchSize,mseTrain,mseTest
0,10.0,1.389306436005883,1.6255786862229857
