,batchSize,mseTrain,mseTest
0,10.0,0.44499709923720865,0.02324031489139507
1,100.0,0.5950710297454758,0.03305802877800074
2,500.0,0.4744884122485235,0.007525035438558195
3,1000.0,0.5787784733682697,0.07524875709328044
4,1500.0,0.7722930708659258,0.03293651647329131
5,2000.0,0.4482601709992659,0.01218168742634033
