,epoch,mseTest,mseTrain
0,100.0,0.01396044133844802,0.22171776556515
1,500.0,0.003683215068488574,0.136975415168061
2,1000.0,0.008419960352338924,0.08802466605423907
