batchSize,mseTrain,mseTest
10,0.053750388,0.007168463
32,0.069076583,0.006059207
100,0.096220825,0.005148917
500,0.135625518,0.013121151
1000,0.181390733,0.006828675
1500,0.246180364,0.010500298
2000,0.363314272,0.035387186
2500,0.421913951,0.046236846
3000,0.215747789,0.005812046
